match_key,level,ncbi_taxon_id_if_available,n_dataset_rows,active_threshold_uM,inactive_threshold_uM,source,notes
Staphylococcus,genus,,15848,,,,
Escherichia coli,species,562,12856,32,128,user-specified 2026-08-15,
Escherichia,genus,,12856,,,,
Staphylococcus aureus,species,1280,12047,32,128,user-specified 2026-08-15,
Pseudomonas,genus,,9759,,,,
Pseudomonas aeruginosa,species,287,8937,32,128,user-specified 2026-08-15,
Bacillus,genus,,5600,,,,
Klebsiella,genus,,4246,,,,
Bacillus subtilis,species,1423,3888,,,,
Klebsiella pneumoniae,species,573,3780,,,,
Enterococcus,genus,,3706,,,,
Salmonella,genus,,3269,,,,
Acinetobacter,genus,,3243,,,,
Staphylococcus epidermidis,species,1282,3133,,,,
Acinetobacter baumannii,species,470,3098,,,,
Enterococcus faecalis,species,1351,2497,,,,
Salmonella enterica,species,28901,2193,,,,
Streptococcus,genus,,2031,,,,
Micrococcus,genus,,1341,,,,
Micrococcus luteus,species,1270,1338,,,,
Enterococcus faecium,species,1352,1117,,,,
Listeria,genus,,1057,,,,
Salmonella typhimurium,species,90371,1013,,,,
Vibrio,genus,,939,,,,
Bacillus cereus,species,1396,814,,,,
Listeria monocytogenes,species,1639,759,,,,
Enterobacter,genus,,646,,,,
Enterobacter cloacae,species,550,618,,,,
Proteus,genus,,610,,,,
Mycobacterium,genus,,516,,,,
Xanthomonas,genus,,496,,,,
Shigella,genus,,483,,,,
Bacillus megaterium,species,1404,467,,,,
Bacteroides,genus,,414,,,,
Pseudomonas syringae,species,317,408,,,,
Streptococcus pyogenes,species,1314,379,,,,
Aeromonas,genus,,376,,,,
Proteus mirabilis,species,584,346,,,,
Corynebacterium,genus,,344,,,,
Streptococcus pneumoniae,species,1313,340,,,,
Streptococcus mutans,species,1309,333,,,,
Klebsiella aerogenes,species,548,330,,,,
Stenotrophomonas,genus,,268,,,,
Serratia,genus,,264,,,,
Stenotrophomonas maltophilia,species,40324,263,,,,
Proteus vulgaris,species,585,255,,,,
Yersinia,genus,,241,,,,
Shigella dysenteriae,species,622,236,,,,
Serratia marcescens,species,615,233,,,,
Erwinia amylovora,species,552,223,,,,
Erwinia,genus,,223,,,,
Vibrio parahaemolyticus,species,670,208,,,,
Mycobacterium tuberculosis,species,1773,203,,,,
Streptococcus agalactiae,species,1311,190,,,,
Clostridium,genus,,189,,,,
Listeria innocua,species,1642,184,,,,
Lactococcus,genus,,181,,,,
Xanthomonas campestris,species,339,180,,,,
Aeromonas hydrophila,species,644,167,,,,
Xanthomonas vesicatoria,species,56460,167,,,,
Burkholderia,genus,,159,,,,
Cutibacterium acnes,species,1747,157,,,,
Cutibacterium,genus,,157,,,,
Mycobacterium smegmatis,species,1763,155,,,,
Cronobacter,genus,,155,,,,
Shigella flexneri,species,623,152,,,,
Vibrio alginolyticus,species,663,149,,,,
Corynebacterium glutamicum,species,1718,146,,,,
Lactococcus lactis,species,1358,144,,,,
Citrobacter,genus,,144,,,,
Pseudomonas fluorescens,species,294,141,,,,
Vibrio anguillarum,species,55601,137,,,,
Bacillus anthracis,species,1392,136,,,,
Lacticaseibacillus,genus,,135,,,,
Staphylococcus xylosus,species,1288,134,,,,
Vibrio cholerae,species,666,133,,,,
Staphylococcus haemolyticus,species,1283,132,,,,
Klebsiella oxytoca,species,571,131,,,,
Pectobacterium carotovorum,species,554,131,,,,
Pectobacterium,genus,,131,,,,
Aeromonas salmonicida,species,645,129,,,,
Pasteurella,genus,,124,,,,
Streptococcus sanguinis,species,1305,122,,,,
Pasteurella multocida,species,747,120,,,,
Cronobacter sakazakii,species,28141,119,,,,
Vibrio harveyi,species,669,117,,,,
Leuconostoc,genus,,109,,,,
Lacticaseibacillus rhamnosus,species,47715,106,,,,
Pseudomonas putida,species,303,100,,,,
Nocardia,genus,,100,,,,
Streptococcus uberis,species,1349,97,,,,
Clavibacter,genus,,91,,,,
Leuconostoc lactis,species,1246,90,,,,
Bacillus licheniformis,species,1402,89,,,,
Clavibacter michiganensis,species,28447,87,,,,
Corynebacterium xerosis,species,1725,85,,,,
Nocardia asteroides,species,1824,85,,,,
Lactiplantibacillus plantarum,species,1590,85,,,,
Lactiplantibacillus,genus,,85,,,,
Citrobacter freundii,species,546,84,,,,
Streptococcus gordonii,species,1302,80,,,,
Bacteroides fragilis,species,817,76,,,,
Streptococcus mitis,species,28037,75,,,,
Yersinia enterocolitica,species,630,73,,,,
Pseudomonas corrugata,species,47879,71,,,,
Staphylococcus saprophyticus,species,29385,69,,,,
Listeria ivanovii,species,1638,68,,,,
Staphylococcus pseudintermedius,species,283734,68,,,,
Akkermansia muciniphila,species,239935,68,,,,
Bacteroides ovatus,species,28116,68,,,,
Bacteroides vulgatus,species,816,68,,,,
Collinsella aerofaciens,species,74426,68,,,,
Akkermansia,genus,,68,,,,
Collinsella,genus,,68,,,,
Yersinia ruckeri,species,29486,67,,,,
Bacteroides thetaiotaomicron,species,818,67,,,,
Bacteroides uniformis,species,820,67,,,,
Clostridium scindens,species,29347,67,,,,
Bacteroides eggerthii,species,28111,66,,,,
Clostridium spiroforme,species,29348,66,,,,
Parabacteroides distasonis,species,823,66,,,,
Parabacteroides,genus,,66,,,,
Franconibacter helveticus,species,357240,64,,,,
Franconibacter,genus,,64,,,,
Bordetella,genus,,64,,,,
Acinetobacter calcoaceticus,species,471,61,,,,
Bordetella bronchiseptica,species,518,61,,,,
Neisseria,genus,,61,,,,
Campylobacter,genus,,61,,,,
Edwardsiella,genus,,60,,,,
Psychrobacter,genus,,60,,,,
Shigella sonnei,species,624,58,,,,
Bacillus thuringiensis,species,1428,58,,,,
Salmonella sp.,species,599,58,,,,
Haemophilus,genus,,58,,,,
Campylobacter jejuni,species,197,56,,,,
Prevotella,genus,,55,,,,
Staphylococcus carnosus,species,1281,53,,,,
Streptococcus iniae,species,1346,52,,,,
Burkholderia cepacia,species,292,51,,,,
Clostridioides difficile,species,1496,51,,,,
Vibrio vulnificus,species,672,51,,,,
Clostridioides,genus,,51,,,,
Eubacterium,genus,,51,,,,
Streptococcus group,species,1301,50,,,,
Psychrobacter faecalis,species,180588,50,,,,
Yersinia pestis,species,632,50,,,,
Agrobacterium,genus,,50,,,,
Neisseria gonorrhoeae,species,485,49,,,,
Bacillus pumilus,species,1408,49,,,,
Eubacterium rectale,species,1730,49,,,,
Agrobacterium tumefaciens,species,358,48,,,,
Prevotella copri,species,838,48,,,,
Rhodococcus,genus,,47,,,,
Staphylococcus simulans,species,1286,46,,,,
Aerococcus viridans,species,1377,45,,,,
Edwardsiella tarda,species,636,45,,,,
Aerococcus,genus,,45,,,,
Yersinia pseudotuberculosis,species,633,44,,,,
Staphylococcus capitis,species,29388,43,,,,
Streptococcus suis,species,1307,43,,,,
Xanthomonas arboricola,species,56448,42,,,,
Burkholderia thailandensis,species,57975,42,,,,
Mycobacterium fortuitum,species,1766,42,,,,
Xanthomonas fragariae,species,48664,41,,,,
Bacillus coagulans,species,1398,41,,,,
Fusobacterium,genus,,41,,,,
Haemophilus influenzae,species,727,39,,,,
Aeromonas sobria,species,646,39,,,,
Lactobacillus,genus,,39,,,,
Streptococcus sobrinus,species,1310,38,,,,
Helicobacter pylori,species,210,38,,,,
Pseudomonas sp.,species,306,38,,,,
Helicobacter,genus,,38,,,,
Brucella,genus,,38,,,,
Mannheimia haemolytica,species,75985,37,,,,
Citrobacter koseri,species,545,37,,,,
Xanthomonas axonopodis,species,53413,37,,,,
Mannheimia,genus,,37,,,,
Legionella,genus,,37,,,,
Fusobacterium nucleatum,species,851,36,,,,
Alcaligenes faecalis,species,511,36,,,,
Cronobacter muytjensii,species,413501,36,,,,
Streptococcus thermophilus,species,1308,36,,,,
Alcaligenes,genus,,36,,,,
Mycobacterium bovis,species,1765,35,,,,
Porphyromonas gingivalis,species,837,34,,,,
Clostridium perfringens,species,1502,34,,,,
Staphylococcus sciuri,species,1279,34,,,,
Porphyromonas,genus,,34,,,,
Streptococcus salivarius,species,1304,33,,,,
Zymomonas mobilis,species,542,33,,,,
Burkholderia cenocepacia,species,95486,33,,,,
Pediococcus,genus,,33,,,,
Zymomonas,genus,,33,,,,
Pseudomonas stutzeri,species,286,32,,,,
Streptococcus dysgalactiae,species,1334,31,,,,
Enterococcus sp.,species,35783,31,,,,
Spiroplasma,genus,,31,,,,
Latilactobacillus,genus,,31,,,,
Kocuria rhizophila,species,72000,30,,,,
Lactococcus garvieae,species,1363,30,,,,
Vibrio fluvialis,species,676,30,,,,
Kocuria,genus,,30,,,,
Carnobacterium,genus,,30,,,,
Acinetobacter sp.,species,472,29,,,,
Latilactobacillus sakei,species,1599,29,,,,
Streptococcus equinus,species,1335,28,,,,
Lacticaseibacillus casei,species,1582,27,,,,
Morganella morganii,species,582,27,,,,
Morganella,genus,,27,,,,
Lactobacillus acidophilus,species,1579,26,,,,
Rhodococcus rhodochrous,species,1829,26,,,,
Francisella tularensis,species,263,26,,,,
Francisella,genus,,26,,,,
Acinetobacter junii,species,40215,25,,,,
Shigella boydii,species,621,25,,,,
Actinomyces,genus,,25,,,,
Photobacterium,genus,,25,,,,
Listeria grayi,species,1641,24,,,,
Alkalihalobacillus,genus,,24,,,,
Bibersteinia trehalosi,species,47735,23,,,,
Corynebacterium pseudotuberculosis,species,1719,23,,,,
Alkalihalobacillus alcalophilus,species,1445,23,,,,
Bibersteinia,genus,,23,,,,
Corynebacterium diphtheriae,species,1717,22,,,,
Aeromonas veronii,species,654,22,,,,
Vibrio splendidus,species,29497,22,,,,
Brucella abortus,species,235,22,,,,
Enterococcus gallinarum,species,1353,22,,,,
Streptococcus Sc181,species,1301,22,,,,
Ralstonia,genus,,22,,,,
Citrobacter sp.,species,1896336,21,,,,
Streptococcus equi,species,1336,21,,,,
Legionella pneumophila,species,446,21,,,,
Mycobacterium abscessus,species,36809,21,,,,
Pluralibacter gergoviae,species,61647,21,,,,
Bifidobacterium,genus,,21,,,,
Pluralibacter,genus,,21,,,,
Corynebacterium jeikeium,species,38289,20,,,,
Staphylococcus sp.,species,29387,20,,,,
Bacillus amyloliquefaciens,species,1390,20,,,,
Sinorhizobium meliloti,species,382,19,,,,
Leuconostoc mesenteroides,species,1245,19,,,,
Xanthomonas oryzae,species,347,19,,,,
Corynebacterium stationis,species,1705,19,,,,
Sinorhizobium,genus,,19,,,,
Arthrobacter,genus,,19,,,,
Enterococcus hirae,species,1354,18,,,,
Haemophilus Influenzae,species,727,17,,,,
Pediococcus acidilactici,species,1254,17,,,,
Bifidobacterium longum,species,216816,17,,,,
Mycobacterium vaccae,species,1810,17,,,,
Serratia sp.,species,613,16,,,,
Mycobacterium avium,species,1764,16,,,,
Achromobacter xylosoxidans,species,85698,16,,,,
Pediococcus pentosaceus,species,1255,16,,,,
Rhodococcus equi,species,1827,16,,,,
Enterobacter sp.,species,42895,16,,,,
Brucella melitensis,species,29459,16,,,,
Achromobacter,genus,,16,,,,
Microbacterium,genus,,16,,,,
Acholeplasma laidlawii,species,2148,15,,,,
Microbacterium maritypicum,species,33918,15,,,,
Staphylococcus intermedius,species,1285,15,,,,
Photobacterium damselae,species,38293,15,,,,
Acholeplasma,genus,,15,,,,
Aeromonas caviae,species,648,14,,,,
Nocardia brasiliensis,species,37326,14,,,,
Staphylococcus warneri,species,1292,14,,,,
Burkholderia pseudomallei,species,28450,14,,,,
Flavobacterium,genus,,14,,,,
Serratia rubidaea,species,61652,13,,,,
Vibrio nigripulchritudo,species,28173,13,,,,
Listeria fleischmannii,species,1069827,13,,,,
Veillonella,genus,,13,,,,
Mycoplasma,genus,,13,,,,
Limosilactobacillus,genus,,13,,,,
Actinomyces naeslundii,species,1655,12,,,,
Veillonella atypica,species,39777,12,,,,
Arthrobacter globiformis,species,1665,12,,,,
Ralstonia solanacearum,species,305,12,,,,
Streptococcus oralis,species,1303,12,,,,
Shigella sp.,species,625,12,,,,
Niallia,genus,,12,,,,
Aggregatibacter actinomycetemcomitans,species,714,11,,,,
Spiroplasma melliferum,species,2134,11,,,,
Carnobacterium maltaromaticum,species,2751,11,,,,
Limosilactobacillus fermentum,species,1613,11,,,,
Niallia circulans,species,1397,11,,,,
Enterococcus casseliflavus,species,37734,11,,,,
Streptococcus sp.,species,1306,11,,,,
Shewanella putrefaciens,species,24,11,,,,
Mycobacterium phlei,species,1771,11,,,,
Aggregatibacter,genus,,11,,,,
Shewanella,genus,,11,,,,
Corynebacterium striatum,species,43770,10,,,,
Ralstonia pickettii,species,329,10,,,,
Vibrio penaeicida,species,104609,10,,,,
Vibrio campbellii,species,680,10,,,,
Providencia,genus,,10,,,,
Staphylococcus hominis,species,1290,9,,,,
Spiroplasma citri,species,2133,9,,,,
Pantoea agglomerans,species,549,9,,,,
Lactobacillus delbrueckii,species,1584,9,,,,
Bacillus sp.,species,1386,9,,,,
Bacillus magaterium,species,1799160,9,,,,
Staphylococcus hyicus,species,1284,9,,,,
Pantoea,genus,,9,,,,
Paenibacillus,genus,,9,,,,
Streptomyces,genus,,9,,,,
Spiroplasma floricola,species,216937,8,,,,
Edwardsiella piscicida,species,1263550,8,,,,
Loigolactobacillus coryniformis,species,1610,8,,,,
Streptomyces aureus,species,193461,8,,,,
Neisseria meningitidis,species,487,8,,,,
Carnobacterium mobile,species,2750,8,,,,
Staphylococcus cohnii,species,29382,8,,,,
Acinetobacter johnsonii,species,40214,8,,,,
Pseudomonas oleovorans,species,286,8,,,,
Vibrio ordalii,species,28174,8,,,,
Acinetobacter bohemicus,species,1435036,8,,,,
Vibrio brasiliensis,species,170652,8,,,,
Mycobacterium marinum,species,1781,8,,,,
Pseudomonas mendocina,species,300,8,,,,
Peptostreptococcus,genus,,8,,,,
Loigolactobacillus,genus,,8,,,,
Rothia,genus,,8,,,,
Providencia stuartii,species,588,7,,,,
Actinomyces israelii,species,1659,7,,,,
Edwardsiella ictaluri,species,67780,7,,,,
Yersinia mollaretii,species,33060,7,,,,
Streptococcus alactolyticus,species,29389,7,,,,
Vibrio metschnikovii,species,28172,7,,,,
Clostridium septicum,species,1504,7,,,,
Arthrobacter sp.,species,1667,7,,,,
Cupriavidus necator,species,106590,7,,,,
Listeria seeligeri,species,1640,7,,,,
Bacillus simplex,species,1478,7,,,,
Streptococcus lutetiensis,species,150055,7,,,,
Geobacillus,genus,,7,,,,
Moraxella,genus,,7,,,,
Aliivibrio,genus,,7,,,,
Cupriavidus,genus,,7,,,,
Acinetobacter hebeiensis,species,346222,6,,,,
Actinomyces viscosus,species,1656,6,,,,
Flavobacterium psychrophilum,species,96345,6,,,,
Avibacterium avium,species,751,6,,,,
Moraxella catarrhalis,species,480,6,,,,
Planococcus citreus,species,1373,6,,,,
Lapidilactobacillus dextrinicus,species,51664,6,,,,
Carnobacterium divergens,species,2748,6,,,,
Burkholderia glumae,species,337,6,,,,
Enterobacter asburiae,species,61645,6,,,,
Brenneria,genus,,6,,,,
Avibacterium,genus,,6,,,,
Weissella,genus,,6,,,,
Ureaplasma,genus,,6,,,,
Planococcus,genus,,6,,,,
Lapidilactobacillus,genus,,6,,,,
Dickeya,genus,,6,,,,
Xanthomonas citri,species,346,5,,,,
Klebsiella sp.,species,576,5,,,,
Brenneria salicis,species,55214,5,,,,
Mycoplasma gallisepticum,species,2096,5,,,,
Mycoplasma mycoides,species,2102,5,,,,
Flavobacterium columnare,species,996,5,,,,
Corynebacterium bovis,species,36808,5,,,,
Vibrio aestuarianus,species,28171,5,,,,
Prevotella melaninogenica,species,28132,5,,,,
Fusobacterium varium,species,856,5,,,,
Clostridium tertium,species,1559,5,,,,
Peptoniphilus asaccharolyticus,species,1258,5,,,,
Peptostreptococcus anaerobius,species,1261,5,,,,
Mammaliicoccus lentus,species,42858,5,,,,
Enterococcus durans,species,53345,5,,,,
Burkholderia gladioli,species,28095,5,,,,
Chromobacterium violaceum,species,536,5,,,,
Stenotrophomonas sp.,species,69392,5,,,,
Proteus sp.,species,583,5,,,,
Bacillus mycoides,species,1405,5,,,,
Photobacterium halotolerans,species,265726,5,,,,
Photobacterium angustum,species,661,5,,,,
Enterobacter hormaechei,species,158836,5,,,,
Mycobacterium wolinskyi,species,59750,5,,,,
Dickeya dadantii,species,204038,5,,,,
Acidipropionibacterium,genus,,5,,,,
Peptoniphilus,genus,,5,,,,
Mammaliicoccus,genus,,5,,,,
Chromobacterium,genus,,5,,,,
Exiguobacterium,genus,,5,,,,
Levilactobacillus brevis,species,1580,4,,,,
Hafnia alvei,species,569,4,,,,
Paracoccus denitrificans,species,266,4,,,,
Ureaplasma urealyticum,species,2130,4,,,,
Legionella feeleii,species,453,4,,,,
Legionella longbeachae,species,450,4,,,,
Vibrio sp.,species,678,4,,,,
Bifidobacterium adolescentis,species,1680,4,,,,
Psychrobacter sp.,species,56811,4,,,,
Vibrio coralliilyticus,species,190893,4,,,,
Streptococcus anginosus,species,1328,4,,,,
Lactococcus sp.,species,44273,4,,,,
Paenibacillus larvae,species,1464,4,,,,
Bacillus atrophaeus,species,1452,4,,,,
Staphylococcus auricularis,species,29379,4,,,,
Methylobacterium sp.,species,409,4,,,,
Corynebacterium auriscanis,species,99807,4,,,,
Clavibacter fangii,species,1573,4,,,,
Aliivibrio fischeri,species,668,4,,,,
Burkholderia multivorans,species,87883,4,,,,
Levilactobacillus,genus,,4,,,,
Raoultella,genus,,4,,,,
Hafnia,genus,,4,,,,
Cytophaga,genus,,4,,,,
Paracoccus,genus,,4,,,,
Methylobacterium,genus,,4,,,,
Aeromonas bestiarum,species,105751,3,,,,
Proteus myxofaciens,species,184072,3,,,,
Geobacillus stearothermophilus,species,1422,3,,,,
Providencia rettgeri,species,587,3,,,,
Peptostreptococcus micros,species,1257,3,,,,
Paenibacillus alvei,species,44250,3,,,,
Spiroplasma apis,species,2137,3,,,,
Enterococcus avium,species,33945,3,,,,
Acidipropionibacterium acidipropionici,species,1748,3,,,,
Psychrobacter immobilis,species,498,3,,,,
Salinivibrio costicola,species,51367,3,,,,
Staphylococcus chromogenes,species,46126,3,,,,
Corynebacterium simulans,species,146827,3,,,,
Glutamicibacter halophytocola,species,1933880,3,,,,
Bordetella pertussis,species,520,3,,,,
Lysinibacillus sphaericus,species,1421,3,,,,
Glaesserella parasuis,species,738,3,,,,
Delftia acidovorans,species,80866,3,,,,
Lactococcus raffinolactis,species,1357,3,,,,
Clostridium sporogenes,species,1509,3,,,,
Burkholderia mallei,species,13373,3,,,,
Flavobacterium sp.,species,239,3,,,,
Carnobacterium funditum,species,2752,3,,,,
Vibrio ichthyoenteri,species,142461,3,,,,
Rhodococcus sp.,species,1827,3,,,,
Ligilactobacillus salivarius,species,1624,3,,,,
Pasteurella canis,species,753,3,,,,
Streptococcus canis,species,1329,3,,,,
Exiguobacterium aestuarii,species,273527,3,,,,
Bacillus algicola,species,225844,3,,,,
Streptococcus parauberis,species,1348,3,,,,
Vibrio tasmaniensis,species,212663,3,,,,
Vibrio crassostreae,species,246167,3,,,,
Vibrio orientalis,species,28175,3,,,,
Vibrio breoganii,species,553239,3,,,,
Pseudomonas plecoglossicida,species,70775,3,,,,
Neisseria mucosa,species,488,3,,,,
Streptococcus constellatus,species,76860,3,,,,
Psychrobacter cibarius,species,282669,3,,,,
Xanthomonas euvesicatoria,species,456327,3,,,,
Acinetobacter Junii,species,40215,3,,,,
Salmonella pullorum,species,605,3,,,,
Propionibacterium,genus,,3,,,,
Salinivibrio,genus,,3,,,,
Glutamicibacter,genus,,3,,,,
Lysinibacillus,genus,,3,,,,
Glaesserella,genus,,3,,,,
Delftia,genus,,3,,,,
Companilactobacillus,genus,,3,,,,
Ligilactobacillus,genus,,3,,,,
Streptococcus alpha-hemolytic,species,1301,2,,,,
Streptococcus beta-hemolytic,species,1301,2,,,,
Kitasatospora kifunensis,species,58351,2,,,,
Corynebacterium sp.,species,1720,2,,,,
Weissella viridescens,species,1629,2,,,,
Cytophaga aquatilis,species,991,2,,,,
Ureaplasma canigenitalium,species,42092,2,,,,
Elizabethkingia meningoseptica,species,238,2,,,,
Clostridium pasteurianum,species,1501,2,,,,
Corynebacterium spheniscorum,species,185761,2,,,,
Sphingobacterium siyangense,species,459529,2,,,,
Saccharibacillus kuerlensis,species,459527,2,,,,
Pseudomonas luteola,species,47886,2,,,,
Campylobacter coli,species,195,2,,,,
Campylobacter lari,species,201,2,,,,
Aliivibrio salmonicida,species,40269,2,,,,
Pseudomonas haemolytica,species,2600065,2,,,,
Micrococcus flavus,species,384602,2,,,,
Mycoplasma hominis,species,2093,2,,,,
Pseudoalteromonas carrageenovora,species,227,2,,,,
Pseudomonas alginovora,species,37638,2,,,,
Cytophaga drobachiensis,species,63186,2,,,,
Latilactobacillus curvatus,species,28038,2,,,,
Legionella bozemanae,species,447,2,,,,
Legionella dumoffii,species,463,2,,,,
Legionella micdadei,species,451,2,,,,
Legionella oakridgensis,species,29423,2,,,,
Raoultella terrigena,species,577,2,,,,
Bacteroides sp.,species,29523,2,,,,
Listeria welshimeri,species,1643,2,,,,
Streptococcus intermedius,species,1338,2,,,,
Weissella cibaria,species,137591,2,,,,
Companilactobacillus kimchii,species,2801452,2,,,,
Prevotella intermedia,species,28131,2,,,,
Parvimonas micra,species,33033,2,,,,
Enterococcus mundtii,species,53346,2,,,,
Carnobacterium gallinarum,species,2749,2,,,,
Clostridium tyrobutyricum,species,1519,2,,,,
Propionibacterium sp.,species,1977903,2,,,,
Xenorhabdus japonica,species,53341,2,,,,
Corynebacterium renale,species,1724,2,,,,
Rothia nasimurium,species,85336,2,,,,
Empedobacter brevis,species,247,2,,,,
Lacticaseibacillus paracasei,species,1597,2,,,,
Lacinutrix algicola,species,342954,2,,,,
Pseudomonas otitidis,species,319939,2,,,,
Acinetobacter baylyi,species,202950,2,,,,
Rothia mucilaginosa,species,43675,2,,,,
Rothia dentocariosa,species,2047,2,,,,
Eubacterium sp.,species,142586,2,,,,
Staphylococcus delphini,species,53344,2,,,,
Vibrio litoralis,species,335972,2,,,,
Rhodococcus fascians,species,1827,2,,,,
Pseudomonas tolaasii,species,29442,2,,,,
Acinetobacter pittii,species,48296,2,,,,
Serratia fonticola,species,47917,2,,,,
Staphylococcus lugdunensis,species,28035,2,,,,
Vibrio proteolyticus,species,671,2,,,,
Exiguobacterium sp.,species,44751,2,,,,
Rothia kristinae,species,37923,2,,,,
Streptococcus viridans,species,78535,2,,,,
Clostridium tetani,species,1513,2,,,,
Staphylococcus citreus,species,1279,2,,,,
Kitasatospora,genus,,2,,,,
Elizabethkingia,genus,,2,,,,
Mycoplasmopsis,genus,,2,,,,
Sphingobacterium,genus,,2,,,,
Saccharibacillus,genus,,2,,,,
Pseudoalteromonas,genus,,2,,,,
Parvimonas,genus,,2,,,,
Xenorhabdus,genus,,2,,,,
Empedobacter,genus,,2,,,,
Lacinutrix,genus,,2,,,,
Veillonella parvula,species,29466,1,,,,
Raoultella planticola,species,575,1,,,,
Leucothrix mucor,species,45248,1,,,,
Micrococcus sp.,species,1271,1,,,,
Mesomycoplasma hyorhinis,species,2100,1,,,,
Mycoplasmopsis fermentans,species,2115,1,,,,
Campylobacter sp.,species,205,1,,,,
Pseudomonas amygdali,species,47877,1,,,,
Nocardia spp.,species,1817,1,,,,
Propionibacterium freudenreichii,species,1744,1,,,,
Acidipropionibacterium jensenii,species,1749,1,,,,
Acidipropionibacterium thoenii,species,1751,1,,,,
Aeromonas intestinalis,species,1917144,1,,,,
Aeromonas punctata,species,648,1,,,,
Citrobacter amalonaticus,species,35703,1,,,,
Dermacoccus nishinomiyaensis,species,1274,1,,,,
Riemerella anatipestifer,species,34085,1,,,,
Acetobacterium wieringae,species,52694,1,,,,
Tetragenococcus halophilus,species,51669,1,,,,
Actinobacillus pleuropneumoniae,species,715,1,,,,
Vibrio shiloi,species,689,1,,,,
Jonesia denitrificans,species,43674,1,,,,
Paenibacillus macerans,species,44252,1,,,,
Raoultella ornithinolytica,species,54291,1,,,,
Gardnerella vaginalis,species,2702,1,,,,
Lactobacillus jensenii,species,109790,1,,,,
Streptococcus pasteurianus,species,197614,1,,,,
Lactobacillus crispatus,species,47770,1,,,,
Actinobaculum schaalii,species,59505,1,,,,
Histophilus somni,species,731,1,,,,
Plesiomonas shigelloides,species,703,1,,,,
Priestia flexa,species,86664,1,,,,
Aliivibrio logei,species,688,1,,,,
Moritella viscosa,species,80854,1,,,,
Lactobacillus sp.,species,1591,1,,,,
Weissella paramesenteroides,species,1249,1,,,,
Companilactobacillus alimentarius,species,1602,1,,,,
Azotobacter vinelandii,species,354,1,,,,
Trueperella pyogenes,species,1661,1,,,,
Moraxella spp.,species,475,1,,,,
Neisseria spp.,species,482,1,,,,
Haemophilus spp.,species,724,1,,,,
Mycobacterium xenopi,species,1789,1,,,,
Mycobacterium gordonae,species,1778,1,,,,
Mycobacterium lentiflavum,species,141349,1,,,,
Streptococcus parasanguinis,species,1318,1,,,,
Acinetobacter lwoffii,species,28090,1,,,,
Microbacterium oxydans,species,82380,1,,,,
Sporosarcina ureae,species,1571,1,,,,
Lelliottia amnigena,species,61646,1,,,,
Burkholderia stabilis,species,95485,1,,,,
Kluyvera cryocrescens,species,580,1,,,,
Haemophilus ducreyi,species,724,1,,,,
Vibrio tapetis,species,52443,1,,,,
Alicyclobacillus acidoterrestris,species,1450,1,,,,
Paenibacillus polymyxa,species,1406,1,,,,
Pasteurella sp.,species,759,1,,,,
Vibrio scophthalmi,species,45658,1,,,,
Pseudomonas viridiflava,species,33069,1,,,,
Xanthomonas perforans,species,442694,1,,,,
Agrobacterium rhizogenes,species,357,1,,,,
Brenneria nigrifluens,species,55210,1,,,,
Xanthomonas translucens,species,343,1,,,,
Blautia coccoides,species,33035,1,,,,
Salmonella Bazenheid,species,590,1,,,,
Salmonella bonariensis,species,590,1,,,,
Cytobacillus firmus,species,1399,1,,,,
Pseudomonas donghuensis,species,1163398,1,,,,
Dickeya zeae,species,204042,1,,,,
Agrobacterium vitis,species,373,1,,,,
Mycoplasmopsis pulmonis,species,2107,1,,,,
Streptomyces murinus,species,33900,1,,,,
Proteus hauseri,species,183417,1,,,,
Bacillus circulans,species,1386,1,,,,
Vibrio diabolicus,species,50719,1,,,,
Alkalihalobacillus clausii,species,79880,1,,,,
Niallia nealsonii,species,115979,1,,,,
Citrobacter werkmanii,species,67827,1,,,,
Geobacillus lituanicus,species,169283,1,,,,
Geobacillus kaustophilus,species,1462,1,,,,
Geobacillus thermodenitrificans,species,33940,1,,,,
Geobacillus thermoleovorans,species,33941,1,,,,
Parageobacillus toebi,species,1906945,1,,,,
Brochothrix thermosphacta,species,2756,1,,,,
Clostridium butyricum,species,1492,1,,,,
Mycoplasma hyorhinis,species,2093,1,,,,
Weissella confusa,species,1583,1,,,,
Limosilactobacillus oris,species,1632,1,,,,
Lactobacillus gasseri,species,1596,1,,,,
Limosilactobacillus mucosae,species,97478,1,,,,
Corynebacterium pseudodiphtheriticum,species,37637,1,,,,
Staphylococcus equorum,species,246432,1,,,,
Streptococcus sciuri,species,2973939,1,,,,
Enterobacter spp.,species,547,1,,,,
Leucothrix,genus,,1,,,,
Mesomycoplasma,genus,,1,,,,
Dermacoccus,genus,,1,,,,
Riemerella,genus,,1,,,,
Acetobacterium,genus,,1,,,,
Tetragenococcus,genus,,1,,,,
Actinobacillus,genus,,1,,,,
Jonesia,genus,,1,,,,
Gardnerella,genus,,1,,,,
Actinobaculum,genus,,1,,,,
Histophilus,genus,,1,,,,
Plesiomonas,genus,,1,,,,
Priestia,genus,,1,,,,
Moritella,genus,,1,,,,
Azotobacter,genus,,1,,,,
Trueperella,genus,,1,,,,
Sporosarcina,genus,,1,,,,
Lelliottia,genus,,1,,,,
Kluyvera,genus,,1,,,,
Alicyclobacillus,genus,,1,,,,
Blautia,genus,,1,,,,
Cytobacillus,genus,,1,,,,
Parageobacillus,genus,,1,,,,
Brochothrix,genus,,1,,,,
